Timestamp,Agent_ID,Action,Fee_Accrued_ETH,Status
2026-04-18 10:22:23,TEST_AGENT_6943,BASE_L2_DEX,0.000003,AUTHORIZED
2026-04-18 10:22:23,TEST_AGENT_6943,BASE_L2_DEX,0.000000,BLOCKED
2026-04-18 10:22:23,TEST_AGENT_6943,BASE_L2_DEX,0.000000,BLOCKED
2026-04-18 10:22:23,TEST_AGENT_6943,BASE_L2_DEX,0.000000,BLOCKED
2026-04-18 18:34:33,TEST_AGENT_6472,BASE_L2_DEX,0.000003,AUTHORIZED
2026-04-18 18:34:33,TEST_AGENT_6473,BASE_L2_DEX,0.000000,BLOCKED
2026-04-18 18:34:33,TEST_AGENT_6473,BASE_L2_DEX,0.000000,BLOCKED
2026-04-18 18:34:33,TEST_AGENT_6473,BASE_L2_DEX,0.000000,BLOCKED
2026-04-19 07:29:28 UTC,test-agent-001,Aave,0.000003,AUTHORIZED
2026-04-19 15:13:01 UTC,TEST_AGENT_1579,BASE_L2_DEX,0.000003,AUTHORIZED
2026-04-19 15:13:02 UTC,TEST_AGENT_1582,BASE_L2_DEX,0.000000,BLOCKED
2026-04-19 15:13:02 UTC,TEST_AGENT_1582,BASE_L2_DEX,0.000000,BLOCKED
2026-04-19 15:13:02 UTC,TEST_AGENT_1582,BASE_L2_DEX,0.000000,BLOCKED
2026-04-19 15:43:31 UTC,TEST_AGENT_3411,BASE_L2_DEX,0.000003,AUTHORIZED
2026-04-19 15:43:31 UTC,TEST_AGENT_3411,BASE_L2_DEX,0.000000,BLOCKED
2026-04-19 15:43:31 UTC,TEST_AGENT_3411,BASE_L2_DEX,0.000000,BLOCKED
2026-04-19 15:43:31 UTC,TEST_AGENT_3411,BASE_L2_DEX,0.000000,BLOCKED
2026-04-19 15:51:28 UTC,TEST_AGENT_3887,BASE_L2_DEX,0.000003,AUTHORIZED
2026-04-19 15:51:28 UTC,TEST_AGENT_3888,BASE_L2_DEX,0.000000,BLOCKED
2026-04-19 15:51:28 UTC,TEST_AGENT_3888,BASE_L2_DEX,0.000000,BLOCKED
2026-04-19 15:51:29 UTC,TEST_AGENT_3889,BASE_L2_DEX,0.000000,BLOCKED
